{
  "project_info": {
    "project_number": "1027475340401",
    "project_id": "xddd-c0b8f",
    "storage_bucket": "xddd-c0b8f.appspot.com"
  },
  "client": [
    {
      "client_info": {
        "mobilesdk_app_id": "1:1027475340401:android:64ee374b3ea08a93992fd0",
        "android_client_info": {
          "package_name": "com.example.firebaseprueba"
        }
      },
      "oauth_client": [],
      "api_key": [
        {
          "current_key": "AIzaSyBnc24Q2VA0pmZXPEh9YBHlQsD-xb7WypY"
        }
      ],
      "services": {
        "appinvite_service": {
          "other_platform_oauth_client": []
        }
      }
    }
  ],
  "configuration_version": "1"
}